condition,condition_tier,target,representation,selector,reports,true_bugs,predicted_clusters,matrix_sha256,partition_sha256,evaluation_index,epsilon,relative_validity_hdbscan,persistence,single_cluster_correction,purity,inverse_purity,f_measure,adjusted_rand_index,pairwise_average_precision,pairwise_same_bug_pairs,pairwise_different_bug_pairs,num_overcount,num_undercount,num_completely_lost
L_f1_W0,primary_full_coverage,freetype__char2svg,B,S0,51,6,1,57e5f2e8c0d41c18c1fc33f59c8ccd591b3a7bc7a260e8dfe0433acb4abdb7aa,c95e48269e3ff53983538aaea302b9cc1fc2d9e027bd1b8fbdebdd97c54780aa,1,0.3543185777584654,0.5,1.0,True,0.19608,1.0,0.32219,0.0,0.9597579457352423,225,1050,0,1,6
L_f1_W0,primary_full_coverage,freetype__char2svg,B,Smax,51,6,6,57e5f2e8c0d41c18c1fc33f59c8ccd591b3a7bc7a260e8dfe0433acb4abdb7aa,16aa8f52a0435862d1c98b0513280329333f4cea6186a74cdc88d6fa8ab644fc,185,0.06176236481932756,0.578090354741812,1.0,False,1.0,1.0,1.0,1.0,0.9597579457352423,225,1050,0,0,0
L_f1_W0,primary_full_coverage,freetype__char2svg,BL,S0,51,6,6,f6fef8bea11f084ff89f31b7a90d21a0892b9299870d371ff29f22817222fb60,c160d54a74f699e402f039ee7ad277882a6d415df99005423a367f0c266777bb,3,0.24031744218767068,0.7232245927852489,1.0,False,0.98039,0.98039,0.98034,0.9488195214704485,0.9809969099083358,225,1050,1,1,1
L_f1_W0,primary_full_coverage,freetype__char2svg,BL,Smax,51,6,6,f6fef8bea11f084ff89f31b7a90d21a0892b9299870d371ff29f22817222fb60,c160d54a74f699e402f039ee7ad277882a6d415df99005423a367f0c266777bb,42,0.0337633888572899,0.7232245927852489,1.0,False,0.98039,0.98039,0.98034,0.9488195214704485,0.9809969099083358,225,1050,1,1,1
L_f1_W0,primary_full_coverage,freetype__char2svg,BD4,S0,51,6,6,e2a7974a2fdfcdd920904f860b52148edaaa6529b8236988d19e490f887ea158,77fa88606dd22ca52f2063a2ff13fc15e39cc7e095d018b598b015a28f352eaa,3,0.18161454620300063,0.834757250186428,1.0,False,1.0,1.0,1.0,1.0,1.0,225,1050,0,0,0
L_f1_W0,primary_full_coverage,freetype__char2svg,BD4,Smax,51,6,6,e2a7974a2fdfcdd920904f860b52148edaaa6529b8236988d19e490f887ea158,77fa88606dd22ca52f2063a2ff13fc15e39cc7e095d018b598b015a28f352eaa,185,0.03251174274709012,0.834757250186428,1.0,False,1.0,1.0,1.0,1.0,1.0,225,1050,0,0,0
L_f1_W0,primary_full_coverage,freetype__char2svg,BLD4,S0,51,6,6,ae0b0bc0c8c5169aa5e18ae77e95fa366970e6f77af8946854f16f4eb9bcf11f,26795d85f1c53854c2b93730488ac418620dbdfcf912d05a2e6feecb6931561a,3,0.209879073108926,0.737155031917004,1.0,False,1.0,1.0,1.0,1.0,1.0,225,1050,0,0,0
L_f1_W0,primary_full_coverage,freetype__char2svg,BLD4,Smax,51,6,6,ae0b0bc0c8c5169aa5e18ae77e95fa366970e6f77af8946854f16f4eb9bcf11f,26795d85f1c53854c2b93730488ac418620dbdfcf912d05a2e6feecb6931561a,187,0.022794900650433575,0.737155031917004,1.0,False,1.0,1.0,1.0,1.0,1.0,225,1050,0,0,0
L_f1_W0,primary_full_coverage,poppler__pdfimages,B,S0,40,4,4,ae9c43363c0ce3d15f18a1a7a4f0b2fe4ccf86b44058e9e6d7f4898e7963f325,3c303e8588976c1374218400bece6f78ca37f2f8dc04111ea5caa9ae59554a23,35,0.23790493335474527,0.6531442294116495,1.0,False,1.0,1.0,1.0,1.0,1.0,180,600,0,0,0
L_f1_W0,primary_full_coverage,poppler__pdfimages,B,Smax,40,4,5,ae9c43363c0ce3d15f18a1a7a4f0b2fe4ccf86b44058e9e6d7f4898e7963f325,adc8c63a897abd413087fe3344c85889066b2224e4bbef68a4c8f1d915ba85cf,183,0.05136601579533602,0.7991556190859307,1.0,False,1.0,0.925,0.95588,0.9209383145091226,1.0,180,600,1,0,0
L_f1_W0,primary_full_coverage,poppler__pdfimages,BL,S0,40,4,5,5cc55733daa610b6e1f4f65139a1c003afb6f283553cc9f515d97912979260ba,fdeaee0399a9e60dc8c4551b6494b87f5b81a8e11dc040db9282af5fbb170f03,3,0.25110983262816233,0.9180410565531208,1.0,False,1.0,0.9,0.9375,0.9090909090909091,0.9250214192713048,180,600,1,0,0
L_f1_W0,primary_full_coverage,poppler__pdfimages,BL,Smax,40,4,5,5cc55733daa610b6e1f4f65139a1c003afb6f283553cc9f515d97912979260ba,fdeaee0399a9e60dc8c4551b6494b87f5b81a8e11dc040db9282af5fbb170f03,43,0.02760371201760391,0.9180410565531208,1.0,False,1.0,0.9,0.9375,0.9090909090909091,0.9250214192713048,180,600,1,0,0
L_f1_W0,primary_full_coverage,poppler__pdfimages,BD4,S0,40,4,5,261f209d09e5ee8c4a35f09340b9b91d8e2ccca1c87c8b685b9ac262ef5b0f42,f681ff39812449fa2b3c2e9b19fa370e4cac6de89701b3bcece0147a78a97db9,3,0.18525274790307583,0.8597380694234198,1.0,False,1.0,0.9,0.9375,0.9090909090909091,0.9300858902082415,180,600,1,0,0
L_f1_W0,primary_full_coverage,poppler__pdfimages,BD4,Smax,40,4,5,261f209d09e5ee8c4a35f09340b9b91d8e2ccca1c87c8b685b9ac262ef5b0f42,f681ff39812449fa2b3c2e9b19fa370e4cac6de89701b3bcece0147a78a97db9,195,0.027113392695409064,0.8597380694234198,1.0,False,1.0,0.9,0.9375,0.9090909090909091,0.9300858902082415,180,600,1,0,0
L_f1_W0,primary_full_coverage,poppler__pdfimages,BLD4,S0,40,4,5,3845abc985927129c2d5fc4da62cced86adc9239d63e9e0997d2187107887661,31f25b9bcac986a6d207e9eeb6e5b54fe390ada7b2259b54e6d0ceef0825035e,3,0.19803794558747234,0.9334692059465243,1.0,False,1.0,0.9,0.9375,0.9090909090909091,0.9098347937797823,180,600,1,0,0
L_f1_W0,primary_full_coverage,poppler__pdfimages,BLD4,Smax,40,4,5,3845abc985927129c2d5fc4da62cced86adc9239d63e9e0997d2187107887661,31f25b9bcac986a6d207e9eeb6e5b54fe390ada7b2259b54e6d0ceef0825035e,169,0.019375744425351553,0.9334692059465243,1.0,False,1.0,0.9,0.9375,0.9090909090909091,0.9098347937797823,180,600,1,0,0
L_f1_W0,primary_full_coverage,soxmp3__sox,B,S0,61,7,7,620599d63526f00cc6a30b183740d3d751701bb0f01816490592dfbafe6aa725,cb2132ea9abb4b5413888e10af457fa4d27f31c07f2743ea80ade39965bfd51a,75,0.2000752821866999,0.7405588406916171,1.0,False,0.93443,0.88525,0.898,0.8411400066023549,0.9162334931413182,270,1560,2,3,3
L_f1_W0,primary_full_coverage,soxmp3__sox,B,Smax,61,7,9,620599d63526f00cc6a30b183740d3d751701bb0f01816490592dfbafe6aa725,fb2159528677920fde41e442a4f968117d16f21373bf6c29d549a0bf8dc6d392,155,0.060755610605931105,0.8209978909808091,1.0,False,0.93443,0.85246,0.86438,0.8238250628258504,0.9162334931413182,270,1560,2,3,3
L_f1_W0,primary_full_coverage,soxmp3__sox,BL,S0,61,7,7,a41bdf34707f68c4b12fdc4218ff317659856ab85878d2013cca2d8ab53cbd89,979aa3fc8ccfb01df0aeee19118a8f36c346f494b88e2cd38d8c5568b1f70580,103,0.3719580695288886,0.691101144634785,1.0,False,0.86885,0.86885,0.82877,0.7077036490969406,0.9189046173860289,270,1560,2,2,3
L_f1_W0,primary_full_coverage,soxmp3__sox,BL,Smax,61,7,9,a41bdf34707f68c4b12fdc4218ff317659856ab85878d2013cca2d8ab53cbd89,0e4ba693cd0a15c7b49d56b62f7d0df4ecbbf1ca5f1c79636a9610b4b0cafa27,183,0.03338063116744004,0.8230944154526558,1.0,False,0.93443,0.85246,0.86438,0.8238250628258504,0.9189046173860289,270,1560,2,3,3
L_f1_W0,primary_full_coverage,soxmp3__sox,BD4,S0,61,7,7,1f0b371f99c149b47c8b51955a66137c8d49a59bb0ef28616202416307f44132,2bfc104a9e519a0d05704fc1711e12e68d794a32bb064550fe8f5136cdd34809,3,0.19681919528297653,0.7414504768546056,1.0,False,0.90164,0.91803,0.85747,0.8107204964708289,0.9292743552730823,270,1560,1,2,3
L_f1_W0,primary_full_coverage,soxmp3__sox,BD4,Smax,61,7,9,1f0b371f99c149b47c8b51955a66137c8d49a59bb0ef28616202416307f44132,ac4b6e2a4c8fc91ef065849d2897f5a8b4bd46d4f6d4bf655d267054b8ba51e9,187,0.032591252892062425,0.8673685768703653,1.0,False,0.93443,0.85246,0.86438,0.8238250628258504,0.9292743552730823,270,1560,2,3,3
L_f1_W0,primary_full_coverage,soxmp3__sox,BLD4,S0,61,7,7,7cdfea569c408fe6ee2e7e4195ecd3cfbd76ad4bad4828bdec743f6c15955868,c1432127406d2eea59de1d82ae50b8f609e53e9efa42d973d8004b8bfa56eb4e,115,0.28858229488454046,0.7109915105310819,1.0,False,0.93443,0.91803,0.90951,0.8440908600021599,0.9355972498144111,270,1560,2,3,3
L_f1_W0,primary_full_coverage,soxmp3__sox,BLD4,Smax,61,7,9,7cdfea569c408fe6ee2e7e4195ecd3cfbd76ad4bad4828bdec743f6c15955868,3dce8ee5530a23e9b810637e44fde2674ccb782c078c5fa409204dd564b7349a,191,0.022750925551032808,0.8452389444391862,1.0,False,0.93443,0.85246,0.86438,0.8238250628258504,0.9355972498144111,270,1560,2,3,3
L_f1_W5,primary_full_coverage,freetype__char2svg,B,S0,51,6,1,57e5f2e8c0d41c18c1fc33f59c8ccd591b3a7bc7a260e8dfe0433acb4abdb7aa,c95e48269e3ff53983538aaea302b9cc1fc2d9e027bd1b8fbdebdd97c54780aa,1,0.3543185777584654,0.5,1.0,True,0.19608,1.0,0.32219,0.0,0.9597579457352423,225,1050,0,1,6
L_f1_W5,primary_full_coverage,freetype__char2svg,B,Smax,51,6,6,57e5f2e8c0d41c18c1fc33f59c8ccd591b3a7bc7a260e8dfe0433acb4abdb7aa,16aa8f52a0435862d1c98b0513280329333f4cea6186a74cdc88d6fa8ab644fc,185,0.06176236481932756,0.578090354741812,1.0,False,1.0,1.0,1.0,1.0,0.9597579457352423,225,1050,0,0,0
L_f1_W5,primary_full_coverage,freetype__char2svg,BL,S0,51,6,5,0ae51b0a708495866a9e795e8dbeba656e7d8ad706c43228649f41f7396a67ec,b280dbc72896df45d9dfb7b732c9e8346fb80e40c1d53aed9f1d5bd3f14dd1b3,3,0.24285263139015076,0.6987848448828851,1.0,False,0.98039,1.0,0.97432,0.9734789391575663,1.0,225,1050,0,1,2
L_f1_W5,primary_full_coverage,freetype__char2svg,BL,Smax,51,6,5,0ae51b0a708495866a9e795e8dbeba656e7d8ad706c43228649f41f7396a67ec,b280dbc72896df45d9dfb7b732c9e8346fb80e40c1d53aed9f1d5bd3f14dd1b3,189,0.03266790430557342,0.6987848448828851,1.0,False,0.98039,1.0,0.97432,0.9734789391575663,1.0,225,1050,0,1,2
L_f1_W5,primary_full_coverage,freetype__char2svg,BD4,S0,51,6,6,e2a7974a2fdfcdd920904f860b52148edaaa6529b8236988d19e490f887ea158,77fa88606dd22ca52f2063a2ff13fc15e39cc7e095d018b598b015a28f352eaa,3,0.18161454620300063,0.834757250186428,1.0,False,1.0,1.0,1.0,1.0,1.0,225,1050,0,0,0
L_f1_W5,primary_full_coverage,freetype__char2svg,BD4,Smax,51,6,6,e2a7974a2fdfcdd920904f860b52148edaaa6529b8236988d19e490f887ea158,77fa88606dd22ca52f2063a2ff13fc15e39cc7e095d018b598b015a28f352eaa,185,0.03251174274709012,0.834757250186428,1.0,False,1.0,1.0,1.0,1.0,1.0,225,1050,0,0,0
L_f1_W5,primary_full_coverage,freetype__char2svg,BLD4,S0,51,6,6,20f1dbb522ac5fedd1e3b3f6d653bc8fb24aa052be882c3991ca3b3360332326,8777070a1c328031b59f26654aafb2dee37bb7cb494665ef13c0c3d6aee602d9,3,0.210626867838808,0.7866609565157028,1.0,False,1.0,1.0,1.0,1.0,1.0,225,1050,0,0,0
L_f1_W5,primary_full_coverage,freetype__char2svg,BLD4,Smax,51,6,6,20f1dbb522ac5fedd1e3b3f6d653bc8fb24aa052be882c3991ca3b3360332326,8777070a1c328031b59f26654aafb2dee37bb7cb494665ef13c0c3d6aee602d9,181,0.022317023496641778,0.7866609565157028,1.0,False,1.0,1.0,1.0,1.0,1.0,225,1050,0,0,0
L_f1_W5,primary_full_coverage,poppler__pdfimages,B,S0,40,4,4,ae9c43363c0ce3d15f18a1a7a4f0b2fe4ccf86b44058e9e6d7f4898e7963f325,3c303e8588976c1374218400bece6f78ca37f2f8dc04111ea5caa9ae59554a23,35,0.23790493335474527,0.6531442294116495,1.0,False,1.0,1.0,1.0,1.0,1.0,180,600,0,0,0
L_f1_W5,primary_full_coverage,poppler__pdfimages,B,Smax,40,4,5,ae9c43363c0ce3d15f18a1a7a4f0b2fe4ccf86b44058e9e6d7f4898e7963f325,adc8c63a897abd413087fe3344c85889066b2224e4bbef68a4c8f1d915ba85cf,183,0.05136601579533602,0.7991556190859307,1.0,False,1.0,0.925,0.95588,0.9209383145091226,1.0,180,600,1,0,0
L_f1_W5,primary_full_coverage,poppler__pdfimages,BL,S0,40,4,4,39e3965778d71e1dba125710020a3c337b1a7011e6b20ebea3eaa0aedaff6f7d,204d637b2475cd45824038c82f275f453c811b9567b14ea0fdf0cdd935df91a8,11,0.3769101855595241,0.7628729139407968,1.0,False,1.0,1.0,1.0,1.0,1.0,180,600,0,0,0
L_f1_W5,primary_full_coverage,poppler__pdfimages,BL,Smax,40,4,5,39e3965778d71e1dba125710020a3c337b1a7011e6b20ebea3eaa0aedaff6f7d,f34c496c94e69a90ba5e15386491ca5485b4cbf84dc8d400ea7f245849654471,193,0.02723805275956037,0.7885371881490935,1.0,False,1.0,0.9,0.9375,0.9090909090909091,1.0,180,600,1,0,0
L_f1_W5,primary_full_coverage,poppler__pdfimages,BD4,S0,40,4,5,261f209d09e5ee8c4a35f09340b9b91d8e2ccca1c87c8b685b9ac262ef5b0f42,f681ff39812449fa2b3c2e9b19fa370e4cac6de89701b3bcece0147a78a97db9,3,0.18525274790307583,0.8597380694234198,1.0,False,1.0,0.9,0.9375,0.9090909090909091,0.9300858902082415,180,600,1,0,0
L_f1_W5,primary_full_coverage,poppler__pdfimages,BD4,Smax,40,4,5,261f209d09e5ee8c4a35f09340b9b91d8e2ccca1c87c8b685b9ac262ef5b0f42,f681ff39812449fa2b3c2e9b19fa370e4cac6de89701b3bcece0147a78a97db9,195,0.027113392695409064,0.8597380694234198,1.0,False,1.0,0.9,0.9375,0.9090909090909091,0.9300858902082415,180,600,1,0,0
L_f1_W5,primary_full_coverage,poppler__pdfimages,BLD4,S0,40,4,4,42a4d095308eb7529d6470732057c7f9d2fab721144d2cd38c8b3ce0eb061b0d,b4a683419e4cc088a93ac245027367d45d173db430c1e7b88b3fb5f58f0b132f,11,0.313420561384653,0.7492757732686504,1.0,False,1.0,1.0,1.0,1.0,1.0,180,600,0,0,0
L_f1_W5,primary_full_coverage,poppler__pdfimages,BLD4,Smax,40,4,5,42a4d095308eb7529d6470732057c7f9d2fab721144d2cd38c8b3ce0eb061b0d,53d367599237dff0f5f3569592e04ff3164e9d486c465f46ac6e73b32a31f90e,199,0.018727676638569113,0.8389423748806983,1.0,False,1.0,0.9,0.9375,0.9090909090909091,1.0,180,600,1,0,0
L_f1_W5,primary_full_coverage,soxmp3__sox,B,S0,61,7,7,620599d63526f00cc6a30b183740d3d751701bb0f01816490592dfbafe6aa725,cb2132ea9abb4b5413888e10af457fa4d27f31c07f2743ea80ade39965bfd51a,75,0.2000752821866999,0.7405588406916171,1.0,False,0.93443,0.88525,0.898,0.8411400066023549,0.9162334931413182,270,1560,2,3,3
L_f1_W5,primary_full_coverage,soxmp3__sox,B,Smax,61,7,9,620599d63526f00cc6a30b183740d3d751701bb0f01816490592dfbafe6aa725,fb2159528677920fde41e442a4f968117d16f21373bf6c29d549a0bf8dc6d392,155,0.060755610605931105,0.8209978909808091,1.0,False,0.93443,0.85246,0.86438,0.8238250628258504,0.9162334931413182,270,1560,2,3,3
L_f1_W5,primary_full_coverage,soxmp3__sox,BL,S0,61,7,7,443202bc10d7af261d3fecbd7936f412b1621ba614b63920f1a4e650e744e331,7a1f57e70a6df54fc2480d344e02ce32427d15f04bef3e38c533a8219f2b98c7,23,0.33827761433070663,0.7341960931478407,1.0,False,0.93443,0.91803,0.90951,0.8440908600021599,0.908207632306291,270,1560,2,3,3
L_f1_W5,primary_full_coverage,soxmp3__sox,BL,Smax,61,7,9,443202bc10d7af261d3fecbd7936f412b1621ba614b63920f1a4e650e744e331,7b73e8a7aa5fc1720da3cda55b1d52233ac54e842fdc603d2ff7051d051d7d41,189,0.033162440059161566,0.8489810125881222,1.0,False,0.93443,0.85246,0.86438,0.8238250628258504,0.908207632306291,270,1560,2,3,3
L_f1_W5,primary_full_coverage,soxmp3__sox,BD4,S0,61,7,7,1f0b371f99c149b47c8b51955a66137c8d49a59bb0ef28616202416307f44132,2bfc104a9e519a0d05704fc1711e12e68d794a32bb064550fe8f5136cdd34809,3,0.19681919528297653,0.7414504768546056,1.0,False,0.90164,0.91803,0.85747,0.8107204964708289,0.9292743552730823,270,1560,1,2,3
L_f1_W5,primary_full_coverage,soxmp3__sox,BD4,Smax,61,7,9,1f0b371f99c149b47c8b51955a66137c8d49a59bb0ef28616202416307f44132,ac4b6e2a4c8fc91ef065849d2897f5a8b4bd46d4f6d4bf655d267054b8ba51e9,187,0.032591252892062425,0.8673685768703653,1.0,False,0.93443,0.85246,0.86438,0.8238250628258504,0.9292743552730823,270,1560,2,3,3
L_f1_W5,primary_full_coverage,soxmp3__sox,BLD4,S0,61,7,7,9edd440b220eaa114c561ef74bdb72ec126cc8f1e363e1e5397eb45b1b22be28,67d80185bb45d3f878397842d8f15f77835e11c65e2baa8e4c81cdc34d3b2221,23,0.28263742313751566,0.7644658190040675,1.0,False,0.93443,0.91803,0.90951,0.8440908600021599,0.9360670831401454,270,1560,2,3,3
L_f1_W5,primary_full_coverage,soxmp3__sox,BLD4,Smax,61,7,9,9edd440b220eaa114c561ef74bdb72ec126cc8f1e363e1e5397eb45b1b22be28,8335a0971ffc21d3de745d081f9596098b53c9e4aba8a3a0c8ba646796d7d135,181,0.022781088354177585,0.871763012637041,1.0,False,0.93443,0.85246,0.86438,0.8238250628258504,0.9360670831401454,270,1560,2,3,3
L_f3_W0,primary_full_coverage,freetype__char2svg,B,S0,51,6,1,57e5f2e8c0d41c18c1fc33f59c8ccd591b3a7bc7a260e8dfe0433acb4abdb7aa,c95e48269e3ff53983538aaea302b9cc1fc2d9e027bd1b8fbdebdd97c54780aa,1,0.3543185777584654,0.5,1.0,True,0.19608,1.0,0.32219,0.0,0.9597579457352423,225,1050,0,1,6
L_f3_W0,primary_full_coverage,freetype__char2svg,B,Smax,51,6,6,57e5f2e8c0d41c18c1fc33f59c8ccd591b3a7bc7a260e8dfe0433acb4abdb7aa,16aa8f52a0435862d1c98b0513280329333f4cea6186a74cdc88d6fa8ab644fc,185,0.06176236481932756,0.578090354741812,1.0,False,1.0,1.0,1.0,1.0,0.9597579457352423,225,1050,0,0,0
L_f3_W0,primary_full_coverage,freetype__char2svg,BL,S0,51,6,6,66c131896a128ffba87eaef4face32f755af5b5eec25a0c1660b24e368af21ae,16aa8f52a0435862d1c98b0513280329333f4cea6186a74cdc88d6fa8ab644fc,3,0.23777671215536345,0.7834811140184456,1.0,False,1.0,1.0,1.0,1.0,1.0,225,1050,0,0,0
L_f3_W0,primary_full_coverage,freetype__char2svg,BL,Smax,51,6,6,66c131896a128ffba87eaef4face32f755af5b5eec25a0c1660b24e368af21ae,16aa8f52a0435862d1c98b0513280329333f4cea6186a74cdc88d6fa8ab644fc,179,0.1319019113670637,0.7834811140184456,1.0,False,1.0,1.0,1.0,1.0,1.0,225,1050,0,0,0
L_f3_W0,primary_full_coverage,freetype__char2svg,BD4,S0,51,6,6,e2a7974a2fdfcdd920904f860b52148edaaa6529b8236988d19e490f887ea158,77fa88606dd22ca52f2063a2ff13fc15e39cc7e095d018b598b015a28f352eaa,3,0.18161454620300063,0.834757250186428,1.0,False,1.0,1.0,1.0,1.0,1.0,225,1050,0,0,0
L_f3_W0,primary_full_coverage,freetype__char2svg,BD4,Smax,51,6,6,e2a7974a2fdfcdd920904f860b52148edaaa6529b8236988d19e490f887ea158,77fa88606dd22ca52f2063a2ff13fc15e39cc7e095d018b598b015a28f352eaa,185,0.03251174274709012,0.834757250186428,1.0,False,1.0,1.0,1.0,1.0,1.0,225,1050,0,0,0
L_f3_W0,primary_full_coverage,freetype__char2svg,BLD4,S0,51,6,6,15c2948139572719a4290d490fc44eff7127ac0048ccf23d4f057fd5e230c572,06280bcec3c516aca075a358f24d1f2111a07a16f4d1da5ad45de1f956d15cc5,3,0.21220228159539967,0.8254532361027218,1.0,False,1.0,1.0,1.0,1.0,1.0,225,1050,0,0,0
L_f3_W0,primary_full_coverage,freetype__char2svg,BLD4,Smax,51,6,6,15c2948139572719a4290d490fc44eff7127ac0048ccf23d4f057fd5e230c572,06280bcec3c516aca075a358f24d1f2111a07a16f4d1da5ad45de1f956d15cc5,197,0.09020051259645238,0.8254532361027218,1.0,False,1.0,1.0,1.0,1.0,1.0,225,1050,0,0,0
L_f3_W0,primary_full_coverage,poppler__pdfimages,B,S0,40,4,4,ae9c43363c0ce3d15f18a1a7a4f0b2fe4ccf86b44058e9e6d7f4898e7963f325,3c303e8588976c1374218400bece6f78ca37f2f8dc04111ea5caa9ae59554a23,35,0.23790493335474527,0.6531442294116495,1.0,False,1.0,1.0,1.0,1.0,1.0,180,600,0,0,0
L_f3_W0,primary_full_coverage,poppler__pdfimages,B,Smax,40,4,5,ae9c43363c0ce3d15f18a1a7a4f0b2fe4ccf86b44058e9e6d7f4898e7963f325,adc8c63a897abd413087fe3344c85889066b2224e4bbef68a4c8f1d915ba85cf,183,0.05136601579533602,0.7991556190859307,1.0,False,1.0,0.925,0.95588,0.9209383145091226,1.0,180,600,1,0,0
L_f3_W0,primary_full_coverage,poppler__pdfimages,BL,S0,40,4,4,d2350caba97453d3298e76d52067dab9ac5d92e695e4d2f210fe774154665087,b4a683419e4cc088a93ac245027367d45d173db430c1e7b88b3fb5f58f0b132f,3,0.2280022503077187,0.8655205761848102,1.0,False,1.0,1.0,1.0,1.0,1.0,180,600,0,0,0
L_f3_W0,primary_full_coverage,poppler__pdfimages,BL,Smax,40,4,4,d2350caba97453d3298e76d52067dab9ac5d92e695e4d2f210fe774154665087,b4a683419e4cc088a93ac245027367d45d173db430c1e7b88b3fb5f58f0b132f,191,0.1451273303472745,0.8655205761848102,1.0,False,1.0,1.0,1.0,1.0,1.0,180,600,0,0,0
L_f3_W0,primary_full_coverage,poppler__pdfimages,BD4,S0,40,4,5,261f209d09e5ee8c4a35f09340b9b91d8e2ccca1c87c8b685b9ac262ef5b0f42,f681ff39812449fa2b3c2e9b19fa370e4cac6de89701b3bcece0147a78a97db9,3,0.18525274790307583,0.8597380694234198,1.0,False,1.0,0.9,0.9375,0.9090909090909091,0.9300858902082415,180,600,1,0,0
L_f3_W0,primary_full_coverage,poppler__pdfimages,BD4,Smax,40,4,5,261f209d09e5ee8c4a35f09340b9b91d8e2ccca1c87c8b685b9ac262ef5b0f42,f681ff39812449fa2b3c2e9b19fa370e4cac6de89701b3bcece0147a78a97db9,195,0.027113392695409064,0.8597380694234198,1.0,False,1.0,0.9,0.9375,0.9090909090909091,0.9300858902082415,180,600,1,0,0
L_f3_W0,primary_full_coverage,poppler__pdfimages,BLD4,S0,40,4,4,a0a81059ab1358d0fc80ad83ff525de8d7d49f95e189d4575892a6921dda8bbd,6d74a54b3d95a319495e78136819acf6e91558d95c297dea93ca913950a32dd3,11,0.2742180873328121,0.7954896396602794,1.0,False,1.0,1.0,1.0,1.0,0.9999999999999999,180,600,0,0,0
L_f3_W0,primary_full_coverage,poppler__pdfimages,BLD4,Smax,40,4,5,a0a81059ab1358d0fc80ad83ff525de8d7d49f95e189d4575892a6921dda8bbd,03f4d73e83135c326e7409d469a8363b9a890f2f21e43839736c1530a97f5afa,167,0.019413060558475397,0.8576309665057118,1.0,False,1.0,0.9,0.9375,0.9090909090909091,0.9999999999999999,180,600,1,0,0
L_f3_W0,primary_full_coverage,soxmp3__sox,B,S0,61,7,7,620599d63526f00cc6a30b183740d3d751701bb0f01816490592dfbafe6aa725,cb2132ea9abb4b5413888e10af457fa4d27f31c07f2743ea80ade39965bfd51a,75,0.2000752821866999,0.7405588406916171,1.0,False,0.93443,0.88525,0.898,0.8411400066023549,0.9162334931413182,270,1560,2,3,3
L_f3_W0,primary_full_coverage,soxmp3__sox,B,Smax,61,7,9,620599d63526f00cc6a30b183740d3d751701bb0f01816490592dfbafe6aa725,fb2159528677920fde41e442a4f968117d16f21373bf6c29d549a0bf8dc6d392,155,0.060755610605931105,0.8209978909808091,1.0,False,0.93443,0.85246,0.86438,0.8238250628258504,0.9162334931413182,270,1560,2,3,3
L_f3_W0,primary_full_coverage,soxmp3__sox,BL,S0,61,7,8,97ba7ff38016a0005829e1fbc294a4482c8702bd9360101e73e31078b312fc58,3a5de342780960fb9e9def3a3da093b3c8818cf4a1ac515eef1ca27da3e42648,3,0.27414807889145887,0.7580353617940556,1.0,False,0.93443,0.86885,0.88239,0.8340476279208437,0.8652787032690327,270,1560,2,3,3
L_f3_W0,primary_full_coverage,soxmp3__sox,BL,Smax,61,7,10,97ba7ff38016a0005829e1fbc294a4482c8702bd9360101e73e31078b312fc58,536eccaa92199804d19ac21b0d7a9735d42d8ee04529251967428cbe99093110,187,0.026827037020767157,0.8793357486210054,1.0,False,0.93443,0.81967,0.84928,0.804419206551551,0.8652787032690327,270,1560,2,3,2
L_f3_W0,primary_full_coverage,soxmp3__sox,BD4,S0,61,7,7,1f0b371f99c149b47c8b51955a66137c8d49a59bb0ef28616202416307f44132,2bfc104a9e519a0d05704fc1711e12e68d794a32bb064550fe8f5136cdd34809,3,0.19681919528297653,0.7414504768546056,1.0,False,0.90164,0.91803,0.85747,0.8107204964708289,0.9292743552730823,270,1560,1,2,3
L_f3_W0,primary_full_coverage,soxmp3__sox,BD4,Smax,61,7,9,1f0b371f99c149b47c8b51955a66137c8d49a59bb0ef28616202416307f44132,ac4b6e2a4c8fc91ef065849d2897f5a8b4bd46d4f6d4bf655d267054b8ba51e9,187,0.032591252892062425,0.8673685768703653,1.0,False,0.93443,0.85246,0.86438,0.8238250628258504,0.9292743552730823,270,1560,2,3,3
L_f3_W0,primary_full_coverage,soxmp3__sox,BLD4,S0,61,7,8,e435c32ae4a2869242ca22b4f812b9e313d211f8b550034dc25e52dd8da0fdaa,5faa88b78d37b92ee5464878bc55da4c3953aaf19d0a333f4c7596900b2f167b,39,0.24758874228215177,0.7564464778822393,1.0,False,0.93443,0.86885,0.88239,0.8340476279208437,0.9046366971554547,270,1560,2,3,3
L_f3_W0,primary_full_coverage,soxmp3__sox,BLD4,Smax,61,7,10,e435c32ae4a2869242ca22b4f812b9e313d211f8b550034dc25e52dd8da0fdaa,6c6e6b9f9a2a0e3a9e3281dbffa6b9ee2bad7b195ddd6d928af9a39f65026371,171,0.018916307237508576,0.8845858559779997,1.0,False,0.93443,0.81967,0.84928,0.804419206551551,0.9046366971554547,270,1560,2,3,2
L_f3_W5,primary_full_coverage,freetype__char2svg,B,S0,51,6,1,57e5f2e8c0d41c18c1fc33f59c8ccd591b3a7bc7a260e8dfe0433acb4abdb7aa,c95e48269e3ff53983538aaea302b9cc1fc2d9e027bd1b8fbdebdd97c54780aa,1,0.3543185777584654,0.5,1.0,True,0.19608,1.0,0.32219,0.0,0.9597579457352423,225,1050,0,1,6
L_f3_W5,primary_full_coverage,freetype__char2svg,B,Smax,51,6,6,57e5f2e8c0d41c18c1fc33f59c8ccd591b3a7bc7a260e8dfe0433acb4abdb7aa,16aa8f52a0435862d1c98b0513280329333f4cea6186a74cdc88d6fa8ab644fc,185,0.06176236481932756,0.578090354741812,1.0,False,1.0,1.0,1.0,1.0,0.9597579457352423,225,1050,0,0,0
L_f3_W5,primary_full_coverage,freetype__char2svg,BL,S0,51,6,6,6e696b761652566fb1bc5b80d50f2b81fa9b8a68600dd43fa05c96647d9469b6,06280bcec3c516aca075a358f24d1f2111a07a16f4d1da5ad45de1f956d15cc5,3,0.24054924072330025,0.7524732410890738,1.0,False,1.0,1.0,1.0,1.0,1.0,225,1050,0,0,0
L_f3_W5,primary_full_coverage,freetype__char2svg,BL,Smax,51,6,6,6e696b761652566fb1bc5b80d50f2b81fa9b8a68600dd43fa05c96647d9469b6,06280bcec3c516aca075a358f24d1f2111a07a16f4d1da5ad45de1f956d15cc5,35,0.15226003556609374,0.7524732410890738,1.0,False,1.0,1.0,1.0,1.0,1.0,225,1050,0,0,0
L_f3_W5,primary_full_coverage,freetype__char2svg,BD4,S0,51,6,6,e2a7974a2fdfcdd920904f860b52148edaaa6529b8236988d19e490f887ea158,77fa88606dd22ca52f2063a2ff13fc15e39cc7e095d018b598b015a28f352eaa,3,0.18161454620300063,0.834757250186428,1.0,False,1.0,1.0,1.0,1.0,1.0,225,1050,0,0,0
L_f3_W5,primary_full_coverage,freetype__char2svg,BD4,Smax,51,6,6,e2a7974a2fdfcdd920904f860b52148edaaa6529b8236988d19e490f887ea158,77fa88606dd22ca52f2063a2ff13fc15e39cc7e095d018b598b015a28f352eaa,185,0.03251174274709012,0.834757250186428,1.0,False,1.0,1.0,1.0,1.0,1.0,225,1050,0,0,0
L_f3_W5,primary_full_coverage,freetype__char2svg,BLD4,S0,51,6,6,d63de6da20bf7c0b1c0b590044849d8ce173439646deaf6e6d671107cf71dea9,06280bcec3c516aca075a358f24d1f2111a07a16f4d1da5ad45de1f956d15cc5,3,0.21506767304899363,0.7880885544495452,1.0,False,1.0,1.0,1.0,1.0,1.0,225,1050,0,0,0
L_f3_W5,primary_full_coverage,freetype__char2svg,BLD4,Smax,51,6,6,d63de6da20bf7c0b1c0b590044849d8ce173439646deaf6e6d671107cf71dea9,06280bcec3c516aca075a358f24d1f2111a07a16f4d1da5ad45de1f956d15cc5,195,0.10519734805404536,0.7880885544495452,1.0,False,1.0,1.0,1.0,1.0,1.0,225,1050,0,0,0
L_f3_W5,primary_full_coverage,poppler__pdfimages,B,S0,40,4,4,ae9c43363c0ce3d15f18a1a7a4f0b2fe4ccf86b44058e9e6d7f4898e7963f325,3c303e8588976c1374218400bece6f78ca37f2f8dc04111ea5caa9ae59554a23,35,0.23790493335474527,0.6531442294116495,1.0,False,1.0,1.0,1.0,1.0,1.0,180,600,0,0,0
L_f3_W5,primary_full_coverage,poppler__pdfimages,B,Smax,40,4,5,ae9c43363c0ce3d15f18a1a7a4f0b2fe4ccf86b44058e9e6d7f4898e7963f325,adc8c63a897abd413087fe3344c85889066b2224e4bbef68a4c8f1d915ba85cf,183,0.05136601579533602,0.7991556190859307,1.0,False,1.0,0.925,0.95588,0.9209383145091226,1.0,180,600,1,0,0
L_f3_W5,primary_full_coverage,poppler__pdfimages,BL,S0,40,4,4,2b27b981a18fd8a4844c3e5119313c3cede0d42347cc9980b1f6fb1bcf2dbd15,6d74a54b3d95a319495e78136819acf6e91558d95c297dea93ca913950a32dd3,11,0.3603669923024773,0.7960692651274971,1.0,False,1.0,1.0,1.0,1.0,1.0,180,600,0,0,0
L_f3_W5,primary_full_coverage,poppler__pdfimages,BL,Smax,40,4,5,2b27b981a18fd8a4844c3e5119313c3cede0d42347cc9980b1f6fb1bcf2dbd15,69d9d0b64f89efdfb8e4dd0433fff5097dcae2f857d92b4f2fac213727017aaa,195,0.026658144646707745,0.8309710123906389,1.0,False,1.0,0.875,0.91667,0.9051094890510949,1.0,180,600,1,0,0
L_f3_W5,primary_full_coverage,poppler__pdfimages,BD4,S0,40,4,5,261f209d09e5ee8c4a35f09340b9b91d8e2ccca1c87c8b685b9ac262ef5b0f42,f681ff39812449fa2b3c2e9b19fa370e4cac6de89701b3bcece0147a78a97db9,3,0.18525274790307583,0.8597380694234198,1.0,False,1.0,0.9,0.9375,0.9090909090909091,0.9300858902082415,180,600,1,0,0
L_f3_W5,primary_full_coverage,poppler__pdfimages,BD4,Smax,40,4,5,261f209d09e5ee8c4a35f09340b9b91d8e2ccca1c87c8b685b9ac262ef5b0f42,f681ff39812449fa2b3c2e9b19fa370e4cac6de89701b3bcece0147a78a97db9,195,0.027113392695409064,0.8597380694234198,1.0,False,1.0,0.9,0.9375,0.9090909090909091,0.9300858902082415,180,600,1,0,0
L_f3_W5,primary_full_coverage,poppler__pdfimages,BLD4,S0,40,4,4,57af6d0b3698eca540d05ca83a680ec0608ae9fc8daf36b566a7dde95c6b4537,6d74a54b3d95a319495e78136819acf6e91558d95c297dea93ca913950a32dd3,11,0.28642984350036954,0.7514538252631056,1.0,False,1.0,1.0,1.0,1.0,1.0,180,600,0,0,0
L_f3_W5,primary_full_coverage,poppler__pdfimages,BLD4,Smax,40,4,5,57af6d0b3698eca540d05ca83a680ec0608ae9fc8daf36b566a7dde95c6b4537,03f4d73e83135c326e7409d469a8363b9a890f2f21e43839736c1530a97f5afa,163,0.018685942779735988,0.8027077964823679,1.0,False,1.0,0.9,0.9375,0.9090909090909091,1.0,180,600,1,0,0
L_f3_W5,primary_full_coverage,soxmp3__sox,B,S0,61,7,7,620599d63526f00cc6a30b183740d3d751701bb0f01816490592dfbafe6aa725,cb2132ea9abb4b5413888e10af457fa4d27f31c07f2743ea80ade39965bfd51a,75,0.2000752821866999,0.7405588406916171,1.0,False,0.93443,0.88525,0.898,0.8411400066023549,0.9162334931413182,270,1560,2,3,3
L_f3_W5,primary_full_coverage,soxmp3__sox,B,Smax,61,7,9,620599d63526f00cc6a30b183740d3d751701bb0f01816490592dfbafe6aa725,fb2159528677920fde41e442a4f968117d16f21373bf6c29d549a0bf8dc6d392,155,0.060755610605931105,0.8209978909808091,1.0,False,0.93443,0.85246,0.86438,0.8238250628258504,0.9162334931413182,270,1560,2,3,3
L_f3_W5,primary_full_coverage,soxmp3__sox,BL,S0,61,7,9,87adcbd33846aba4af0c7394fde6daf194c00eed08fef8070cf1aaebe0d5e865,2edf68ac09771f3f0dcb8c6d3b17c897fcdaf73a8f83b9bd219c7a6ea5b06ad6,3,0.258656728060073,0.7200246314611106,1.0,False,0.93443,0.85246,0.86438,0.8238250628258504,0.9452040770009548,270,1560,2,3,3
L_f3_W5,primary_full_coverage,soxmp3__sox,BL,Smax,61,7,18,87adcbd33846aba4af0c7394fde6daf194c00eed08fef8070cf1aaebe0d5e865,0167180a40ca714b86b13fc90b7718b1698980c7cb310e05ed33efc4eba2d8af,151,0.014635579932817772,0.8210673494870366,1.0,False,0.98361,0.63934,0.74149,0.639950295122709,0.9452040770009548,270,1560,4,1,0
L_f3_W5,primary_full_coverage,soxmp3__sox,BD4,S0,61,7,7,1f0b371f99c149b47c8b51955a66137c8d49a59bb0ef28616202416307f44132,2bfc104a9e519a0d05704fc1711e12e68d794a32bb064550fe8f5136cdd34809,3,0.19681919528297653,0.7414504768546056,1.0,False,0.90164,0.91803,0.85747,0.8107204964708289,0.9292743552730823,270,1560,1,2,3
L_f3_W5,primary_full_coverage,soxmp3__sox,BD4,Smax,61,7,9,1f0b371f99c149b47c8b51955a66137c8d49a59bb0ef28616202416307f44132,ac4b6e2a4c8fc91ef065849d2897f5a8b4bd46d4f6d4bf655d267054b8ba51e9,187,0.032591252892062425,0.8673685768703653,1.0,False,0.93443,0.85246,0.86438,0.8238250628258504,0.9292743552730823,270,1560,2,3,3
L_f3_W5,primary_full_coverage,soxmp3__sox,BLD4,S0,61,7,9,857ef87519efdd68a9827ac3f687104fb5a1d71bd48aff880c8dc26c57dfef39,4c72e50ce5c903aaf3c6e778c0c9653adcd0ff2070291450201cc516fb969989,20,0.16491943701267153,0.7606667563669668,1.0,False,0.93443,0.85246,0.86438,0.8238250628258504,0.9557902367094375,270,1560,2,3,3
L_f3_W5,primary_full_coverage,soxmp3__sox,BLD4,Smax,61,7,10,857ef87519efdd68a9827ac3f687104fb5a1d71bd48aff880c8dc26c57dfef39,5320054602af4a8018e163c70bb545f6f2ce1358b3cdefdc7a186427d8391b76,159,0.018983732913253323,0.8479809732691582,1.0,False,0.93443,0.81967,0.84928,0.804419206551551,0.9557902367094375,270,1560,2,3,2
